Customer ID,Name,Contact Person,Phone,Email,Address,Industry Type,Purchase History
CUST3555,Customer 1,Contact 1,+1-555-0211,customer1@example.com,Address 1,Food,History 1
CUST6206,Customer 2,Contact 2,+1-555-0222,customer2@example.com,Address 2,Supplement,History 3
CUST8732,Customer 3,Contact 3,+1-555-0233,customer3@example.com,Address 3,Food,History 10
CUST3905,Customer 4,Contact 4,+1-555-0244,customer4@example.com,Address 4,Pharma,History 2
CUST5676,Customer 5,Contact 5,+1-555-0255,customer5@example.com,Address 5,Supplement,History 3
CUST4338,Customer 6,Contact 6,+1-555-0266,customer6@example.com,Address 6,Supplement,History 3
CUST8601,Customer 7,Contact 7,+1-555-0277,customer7@example.com,Address 7,Supplement,History 2
CUST4766,Customer 8,Contact 8,+1-555-0288,customer8@example.com,Address 8,Supplement,History 8
CUST4241,Customer 9,Contact 9,+1-555-0299,customer9@example.com,Address 9,Pharma,History 5
CUST3942,Customer 10,Contact 10,+1-555-02010,customer10@example.com,Address 10,Pharma,History 3
CUST6199,Customer 11,Contact 11,+1-555-02111,customer11@example.com,Address 11,Pharma,History 3
CUST9968,Customer 12,Contact 12,+1-555-02212,customer12@example.com,Address 12,Supplement,History 3
CUST4544,Customer 13,Contact 13,+1-555-02313,customer13@example.com,Address 13,Supplement,History 8
CUST2503,Customer 14,Contact 14,+1-555-02414,customer14@example.com,Address 14,Pharma,History 4
CUST4307,Customer 15,Contact 15,+1-555-02515,customer15@example.com,Address 15,Food,History 10
CUST6526,Customer 16,Contact 16,+1-555-02616,customer16@example.com,Address 16,Pharma,History 2
CUST9325,Customer 17,Contact 17,+1-555-02717,customer17@example.com,Address 17,Food,History 9
CUST9477,Customer 18,Contact 18,+1-555-02818,customer18@example.com,Address 18,Supplement,History 3
CUST5756,Customer 19,Contact 19,+1-555-02919,customer19@example.com,Address 19,Supplement,History 3
CUST6748,Customer 20,Contact 20,+1-555-02020,customer20@example.com,Address 20,Food,History 6
CUST3364,Customer 21,Contact 21,+1-555-02121,customer21@example.com,Address 21,Food,History 8
CUST5131,Customer 22,Contact 22,+1-555-02222,customer22@example.com,Address 22,Food,History 1
CUST4958,Customer 23,Contact 23,+1-555-02323,customer23@example.com,Address 23,Pharma,History 4
CUST3527,Customer 24,Contact 24,+1-555-02424,customer24@example.com,Address 24,Pharma,History 3
CUST5871,Customer 25,Contact 25,+1-555-02525,customer25@example.com,Address 25,Pharma,History 10
CUST1642,Customer 26,Contact 26,+1-555-02626,customer26@example.com,Address 26,Supplement,History 5
CUST7577,Customer 27,Contact 27,+1-555-02727,customer27@example.com,Address 27,Pharma,History 6
CUST5203,Customer 28,Contact 28,+1-555-02828,customer28@example.com,Address 28,Food,History 3
CUST5725,Customer 29,Contact 29,+1-555-02929,customer29@example.com,Address 29,Food,History 5
CUST7194,Customer 30,Contact 30,+1-555-02030,customer30@example.com,Address 30,Supplement,History 5
CUST4834,Customer 31,Contact 31,+1-555-02131,customer31@example.com,Address 31,Supplement,History 2
CUST1292,Customer 32,Contact 32,+1-555-02232,customer32@example.com,Address 32,Supplement,History 4
CUST4339,Customer 33,Contact 33,+1-555-02333,customer33@example.com,Address 33,Pharma,History 4
CUST5900,Customer 34,Contact 34,+1-555-02434,customer34@example.com,Address 34,Pharma,History 2
CUST8092,Customer 35,Contact 35,+1-555-02535,customer35@example.com,Address 35,Supplement,History 4
CUST9517,Customer 36,Contact 36,+1-555-02636,customer36@example.com,Address 36,Supplement,History 2
CUST8357,Customer 37,Contact 37,+1-555-02737,customer37@example.com,Address 37,Food,History 5
CUST3648,Customer 38,Contact 38,+1-555-02838,customer38@example.com,Address 38,Supplement,History 10
CUST7934,Customer 39,Contact 39,+1-555-02939,customer39@example.com,Address 39,Pharma,History 3
CUST1161,Customer 40,Contact 40,+1-555-02040,customer40@example.com,Address 40,Pharma,History 1
CUST7418,Customer 41,Contact 41,+1-555-02141,customer41@example.com,Address 41,Food,History 10
CUST6690,Customer 42,Contact 42,+1-555-02242,customer42@example.com,Address 42,Pharma,History 2
CUST7025,Customer 43,Contact 43,+1-555-02343,customer43@example.com,Address 43,Food,History 3
CUST5851,Customer 44,Contact 44,+1-555-02444,customer44@example.com,Address 44,Pharma,History 4
CUST3813,Customer 45,Contact 45,+1-555-02545,customer45@example.com,Address 45,Food,History 5
CUST3780,Customer 46,Contact 46,+1-555-02646,customer46@example.com,Address 46,Food,History 3
CUST7521,Customer 47,Contact 47,+1-555-02747,customer47@example.com,Address 47,Food,History 10
CUST7251,Customer 48,Contact 48,+1-555-02848,customer48@example.com,Address 48,Pharma,History 10
CUST6914,Customer 49,Contact 49,+1-555-02949,customer49@example.com,Address 49,Pharma,History 10
CUST1038,Customer 50,Contact 50,+1-555-02050,customer50@example.com,Address 50,Supplement,History 3
CUST9657,Customer 51,Contact 51,+1-555-02151,customer51@example.com,Address 51,Food,History 1
CUST8638,Customer 52,Contact 52,+1-555-02252,customer52@example.com,Address 52,Supplement,History 3
CUST8399,Customer 53,Contact 53,+1-555-02353,customer53@example.com,Address 53,Supplement,History 8
CUST7746,Customer 54,Contact 54,+1-555-02454,customer54@example.com,Address 54,Supplement,History 2
CUST4931,Customer 55,Contact 55,+1-555-02555,customer55@example.com,Address 55,Supplement,History 10
CUST5336,Customer 56,Contact 56,+1-555-02656,customer56@example.com,Address 56,Supplement,History 2
CUST7170,Customer 57,Contact 57,+1-555-02757,customer57@example.com,Address 57,Food,History 4
CUST7843,Customer 58,Contact 58,+1-555-02858,customer58@example.com,Address 58,Pharma,History 3
CUST2013,Customer 59,Contact 59,+1-555-02959,customer59@example.com,Address 59,Pharma,History 5
CUST2090,Customer 60,Contact 60,+1-555-02060,customer60@example.com,Address 60,Food,History 10
CUST7571,Customer 61,Contact 61,+1-555-02161,customer61@example.com,Address 61,Pharma,History 10
CUST7290,Customer 62,Contact 62,+1-555-02262,customer62@example.com,Address 62,Pharma,History 1
CUST3461,Customer 63,Contact 63,+1-555-02363,customer63@example.com,Address 63,Supplement,History 3
CUST4423,Customer 64,Contact 64,+1-555-02464,customer64@example.com,Address 64,Pharma,History 3
CUST4469,Customer 65,Contact 65,+1-555-02565,customer65@example.com,Address 65,Food,History 9
CUST3857,Customer 66,Contact 66,+1-555-02666,customer66@example.com,Address 66,Supplement,History 3
CUST5180,Customer 67,Contact 67,+1-555-02767,customer67@example.com,Address 67,Food,History 6
CUST9936,Customer 68,Contact 68,+1-555-02868,customer68@example.com,Address 68,Supplement,History 1
CUST2093,Customer 69,Contact 69,+1-555-02969,customer69@example.com,Address 69,Supplement,History 5
CUST4731,Customer 70,Contact 70,+1-555-02070,customer70@example.com,Address 70,Supplement,History 1
CUST1694,Customer 71,Contact 71,+1-555-02171,customer71@example.com,Address 71,Food,History 2
CUST1777,Customer 72,Contact 72,+1-555-02272,customer72@example.com,Address 72,Pharma,History 5
CUST8613,Customer 73,Contact 73,+1-555-02373,customer73@example.com,Address 73,Pharma,History 7
CUST5154,Customer 74,Contact 74,+1-555-02474,customer74@example.com,Address 74,Supplement,History 9
CUST8292,Customer 75,Contact 75,+1-555-02575,customer75@example.com,Address 75,Food,History 3
CUST7848,Customer 76,Contact 76,+1-555-02676,customer76@example.com,Address 76,Supplement,History 3
CUST9432,Customer 77,Contact 77,+1-555-02777,customer77@example.com,Address 77,Pharma,History 5
CUST9302,Customer 78,Contact 78,+1-555-02878,customer78@example.com,Address 78,Food,History 1
CUST7525,Customer 79,Contact 79,+1-555-02979,customer79@example.com,Address 79,Food,History 4
CUST5592,Customer 80,Contact 80,+1-555-02080,customer80@example.com,Address 80,Pharma,History 2
CUST7696,Customer 81,Contact 81,+1-555-02181,customer81@example.com,Address 81,Food,History 6
CUST9995,Customer 82,Contact 82,+1-555-02282,customer82@example.com,Address 82,Pharma,History 2
CUST2053,Customer 83,Contact 83,+1-555-02383,customer83@example.com,Address 83,Food,History 10
CUST2637,Customer 84,Contact 84,+1-555-02484,customer84@example.com,Address 84,Supplement,History 6
CUST6084,Customer 85,Contact 85,+1-555-02585,customer85@example.com,Address 85,Food,History 5
CUST3926,Customer 86,Contact 86,+1-555-02686,customer86@example.com,Address 86,Supplement,History 9
CUST9829,Customer 87,Contact 87,+1-555-02787,customer87@example.com,Address 87,Food,History 4
CUST2809,Customer 88,Contact 88,+1-555-02888,customer88@example.com,Address 88,Pharma,History 1
CUST3196,Customer 89,Contact 89,+1-555-02989,customer89@example.com,Address 89,Pharma,History 1
CUST2047,Customer 90,Contact 90,+1-555-02090,customer90@example.com,Address 90,Food,History 9
CUST9136,Customer 91,Contact 91,+1-555-02191,customer91@example.com,Address 91,Supplement,History 2
CUST1263,Customer 92,Contact 92,+1-555-02292,customer92@example.com,Address 92,Supplement,History 3
CUST9113,Customer 93,Contact 93,+1-555-02393,customer93@example.com,Address 93,Food,History 8
CUST6920,Customer 94,Contact 94,+1-555-02494,customer94@example.com,Address 94,Supplement,History 7
CUST8379,Customer 95,Contact 95,+1-555-02595,customer95@example.com,Address 95,Pharma,History 9
CUST3777,Customer 96,Contact 96,+1-555-02696,customer96@example.com,Address 96,Pharma,History 10
CUST8140,Customer 97,Contact 97,+1-555-02797,customer97@example.com,Address 97,Food,History 1
CUST3155,Customer 98,Contact 98,+1-555-02898,customer98@example.com,Address 98,Pharma,History 10
CUST3696,Customer 99,Contact 99,+1-555-02999,customer99@example.com,Address 99,Supplement,History 2
CUST8681,Customer 100,Contact 100,+1-555-020100,customer100@example.com,Address 100,Pharma,History 10
CUST2679,Customer 101,Contact 101,+1-555-021101,customer101@example.com,Address 101,Supplement,History 1
CUST9769,Customer 102,Contact 102,+1-555-022102,customer102@example.com,Address 102,Pharma,History 2
CUST1555,Customer 103,Contact 103,+1-555-023103,customer103@example.com,Address 103,Food,History 7
CUST1716,Customer 104,Contact 104,+1-555-024104,customer104@example.com,Address 104,Pharma,History 5
CUST2750,Customer 105,Contact 105,+1-555-025105,customer105@example.com,Address 105,Food,History 7
CUST4868,Customer 106,Contact 106,+1-555-026106,customer106@example.com,Address 106,Pharma,History 9
CUST8734,Customer 107,Contact 107,+1-555-027107,customer107@example.com,Address 107,Pharma,History 6
CUST3775,Customer 108,Contact 108,+1-555-028108,customer108@example.com,Address 108,Food,History 7
CUST4202,Customer 109,Contact 109,+1-555-029109,customer109@example.com,Address 109,Food,History 6
CUST5400,Customer 110,Contact 110,+1-555-020110,customer110@example.com,Address 110,Pharma,History 6
CUST7699,Customer 111,Contact 111,+1-555-021111,customer111@example.com,Address 111,Pharma,History 10
CUST2403,Customer 112,Contact 112,+1-555-022112,customer112@example.com,Address 112,Food,History 6
CUST3902,Customer 113,Contact 113,+1-555-023113,customer113@example.com,Address 113,Supplement,History 10
CUST9585,Customer 114,Contact 114,+1-555-024114,customer114@example.com,Address 114,Food,History 10
CUST5066,Customer 115,Contact 115,+1-555-025115,customer115@example.com,Address 115,Supplement,History 8
CUST3380,Customer 116,Contact 116,+1-555-026116,customer116@example.com,Address 116,Supplement,History 8
CUST9147,Customer 117,Contact 117,+1-555-027117,customer117@example.com,Address 117,Supplement,History 5
CUST5062,Customer 118,Contact 118,+1-555-028118,customer118@example.com,Address 118,Pharma,History 4
CUST5468,Customer 119,Contact 119,+1-555-029119,customer119@example.com,Address 119,Food,History 10
CUST5524,Customer 120,Contact 120,+1-555-020120,customer120@example.com,Address 120,Food,History 1
CUST3534,Customer 121,Contact 121,+1-555-021121,customer121@example.com,Address 121,Pharma,History 5
CUST3383,Customer 122,Contact 122,+1-555-022122,customer122@example.com,Address 122,Food,History 9
CUST5731,Customer 123,Contact 123,+1-555-023123,customer123@example.com,Address 123,Pharma,History 3
CUST2146,Customer 124,Contact 124,+1-555-024124,customer124@example.com,Address 124,Pharma,History 2
CUST4101,Customer 125,Contact 125,+1-555-025125,customer125@example.com,Address 125,Pharma,History 9
CUST6902,Customer 126,Contact 126,+1-555-026126,customer126@example.com,Address 126,Pharma,History 4
CUST3281,Customer 127,Contact 127,+1-555-027127,customer127@example.com,Address 127,Supplement,History 9
CUST8834,Customer 128,Contact 128,+1-555-028128,customer128@example.com,Address 128,Pharma,History 3
CUST1099,Customer 129,Contact 129,+1-555-029129,customer129@example.com,Address 129,Supplement,History 9
CUST7879,Customer 130,Contact 130,+1-555-020130,customer130@example.com,Address 130,Supplement,History 7
CUST7299,Customer 131,Contact 131,+1-555-021131,customer131@example.com,Address 131,Supplement,History 3
CUST8259,Customer 132,Contact 132,+1-555-022132,customer132@example.com,Address 132,Food,History 8
CUST1961,Customer 133,Contact 133,+1-555-023133,customer133@example.com,Address 133,Supplement,History 4
CUST3893,Customer 134,Contact 134,+1-555-024134,customer134@example.com,Address 134,Pharma,History 8
CUST7590,Customer 135,Contact 135,+1-555-025135,customer135@example.com,Address 135,Pharma,History 7
CUST1939,Customer 136,Contact 136,+1-555-026136,customer136@example.com,Address 136,Food,History 8
CUST2679,Customer 137,Contact 137,+1-555-027137,customer137@example.com,Address 137,Food,History 8
CUST6614,Customer 138,Contact 138,+1-555-028138,customer138@example.com,Address 138,Supplement,History 6
CUST7948,Customer 139,Contact 139,+1-555-029139,customer139@example.com,Address 139,Supplement,History 5
CUST8728,Customer 140,Contact 140,+1-555-020140,customer140@example.com,Address 140,Supplement,History 3
CUST2256,Customer 141,Contact 141,+1-555-021141,customer141@example.com,Address 141,Food,History 3
CUST4340,Customer 142,Contact 142,+1-555-022142,customer142@example.com,Address 142,Pharma,History 9
CUST6968,Customer 143,Contact 143,+1-555-023143,customer143@example.com,Address 143,Supplement,History 4
CUST8307,Customer 144,Contact 144,+1-555-024144,customer144@example.com,Address 144,Supplement,History 8
CUST5351,Customer 145,Contact 145,+1-555-025145,customer145@example.com,Address 145,Pharma,History 6
CUST9783,Customer 146,Contact 146,+1-555-026146,customer146@example.com,Address 146,Pharma,History 2
CUST9511,Customer 147,Contact 147,+1-555-027147,customer147@example.com,Address 147,Food,History 9
CUST7884,Customer 148,Contact 148,+1-555-028148,customer148@example.com,Address 148,Pharma,History 4
CUST1149,Customer 149,Contact 149,+1-555-029149,customer149@example.com,Address 149,Supplement,History 3
CUST6493,Customer 150,Contact 150,+1-555-020150,customer150@example.com,Address 150,Food,History 5
CUST2768,Customer 151,Contact 151,+1-555-021151,customer151@example.com,Address 151,Food,History 7
CUST7812,Customer 152,Contact 152,+1-555-022152,customer152@example.com,Address 152,Supplement,History 7
CUST3759,Customer 153,Contact 153,+1-555-023153,customer153@example.com,Address 153,Supplement,History 8
CUST3819,Customer 154,Contact 154,+1-555-024154,customer154@example.com,Address 154,Pharma,History 7
CUST4714,Customer 155,Contact 155,+1-555-025155,customer155@example.com,Address 155,Supplement,History 7
CUST2828,Customer 156,Contact 156,+1-555-026156,customer156@example.com,Address 156,Food,History 8
CUST3339,Customer 157,Contact 157,+1-555-027157,customer157@example.com,Address 157,Pharma,History 5
CUST8500,Customer 158,Contact 158,+1-555-028158,customer158@example.com,Address 158,Supplement,History 6
CUST1602,Customer 159,Contact 159,+1-555-029159,customer159@example.com,Address 159,Pharma,History 2
CUST6003,Customer 160,Contact 160,+1-555-020160,customer160@example.com,Address 160,Food,History 7
CUST9330,Customer 161,Contact 161,+1-555-021161,customer161@example.com,Address 161,Supplement,History 4
CUST7841,Customer 162,Contact 162,+1-555-022162,customer162@example.com,Address 162,Supplement,History 6
CUST2261,Customer 163,Contact 163,+1-555-023163,customer163@example.com,Address 163,Supplement,History 10
CUST4673,Customer 164,Contact 164,+1-555-024164,customer164@example.com,Address 164,Pharma,History 2
CUST7855,Customer 165,Contact 165,+1-555-025165,customer165@example.com,Address 165,Pharma,History 2
CUST7245,Customer 166,Contact 166,+1-555-026166,customer166@example.com,Address 166,Pharma,History 10
CUST4074,Customer 167,Contact 167,+1-555-027167,customer167@example.com,Address 167,Pharma,History 3
CUST8127,Customer 168,Contact 168,+1-555-028168,customer168@example.com,Address 168,Food,History 7
CUST5428,Customer 169,Contact 169,+1-555-029169,customer169@example.com,Address 169,Food,History 10
CUST4055,Customer 170,Contact 170,+1-555-020170,customer170@example.com,Address 170,Pharma,History 7
CUST4448,Customer 171,Contact 171,+1-555-021171,customer171@example.com,Address 171,Food,History 8
CUST7943,Customer 172,Contact 172,+1-555-022172,customer172@example.com,Address 172,Pharma,History 9
CUST8946,Customer 173,Contact 173,+1-555-023173,customer173@example.com,Address 173,Pharma,History 7
CUST3958,Customer 174,Contact 174,+1-555-024174,customer174@example.com,Address 174,Pharma,History 4
CUST7316,Customer 175,Contact 175,+1-555-025175,customer175@example.com,Address 175,Food,History 9
CUST4802,Customer 176,Contact 176,+1-555-026176,customer176@example.com,Address 176,Food,History 3
CUST7212,Customer 177,Contact 177,+1-555-027177,customer177@example.com,Address 177,Food,History 3
CUST1285,Customer 178,Contact 178,+1-555-028178,customer178@example.com,Address 178,Food,History 1
CUST5492,Customer 179,Contact 179,+1-555-029179,customer179@example.com,Address 179,Food,History 6
CUST5239,Customer 180,Contact 180,+1-555-020180,customer180@example.com,Address 180,Pharma,History 5
CUST8485,Customer 181,Contact 181,+1-555-021181,customer181@example.com,Address 181,Supplement,History 2
CUST3544,Customer 182,Contact 182,+1-555-022182,customer182@example.com,Address 182,Food,History 2
CUST8746,Customer 183,Contact 183,+1-555-023183,customer183@example.com,Address 183,Food,History 9
CUST6198,Customer 184,Contact 184,+1-555-024184,customer184@example.com,Address 184,Food,History 2
CUST1410,Customer 185,Contact 185,+1-555-025185,customer185@example.com,Address 185,Pharma,History 1
CUST2599,Customer 186,Contact 186,+1-555-026186,customer186@example.com,Address 186,Supplement,History 9
CUST8370,Customer 187,Contact 187,+1-555-027187,customer187@example.com,Address 187,Pharma,History 10
CUST1428,Customer 188,Contact 188,+1-555-028188,customer188@example.com,Address 188,Food,History 7
CUST7640,Customer 189,Contact 189,+1-555-029189,customer189@example.com,Address 189,Pharma,History 1
CUST6841,Customer 190,Contact 190,+1-555-020190,customer190@example.com,Address 190,Pharma,History 9
CUST5375,Customer 191,Contact 191,+1-555-021191,customer191@example.com,Address 191,Pharma,History 5
CUST7118,Customer 192,Contact 192,+1-555-022192,customer192@example.com,Address 192,Pharma,History 5
CUST3868,Customer 193,Contact 193,+1-555-023193,customer193@example.com,Address 193,Supplement,History 4
CUST9499,Customer 194,Contact 194,+1-555-024194,customer194@example.com,Address 194,Pharma,History 9
CUST3317,Customer 195,Contact 195,+1-555-025195,customer195@example.com,Address 195,Food,History 7
CUST2751,Customer 196,Contact 196,+1-555-026196,customer196@example.com,Address 196,Pharma,History 2
CUST8202,Customer 197,Contact 197,+1-555-027197,customer197@example.com,Address 197,Food,History 1
CUST7733,Customer 198,Contact 198,+1-555-028198,customer198@example.com,Address 198,Supplement,History 1
CUST4819,Customer 199,Contact 199,+1-555-029199,customer199@example.com,Address 199,Pharma,History 1
CUST9224,Customer 200,Contact 200,+1-555-020200,customer200@example.com,Address 200,Pharma,History 5
CUST7767,Customer 201,Contact 201,+1-555-021201,customer201@example.com,Address 201,Supplement,History 3
CUST3203,Customer 202,Contact 202,+1-555-022202,customer202@example.com,Address 202,Supplement,History 10
CUST8413,Customer 203,Contact 203,+1-555-023203,customer203@example.com,Address 203,Food,History 9
CUST7574,Customer 204,Contact 204,+1-555-024204,customer204@example.com,Address 204,Pharma,History 6
CUST6471,Customer 205,Contact 205,+1-555-025205,customer205@example.com,Address 205,Pharma,History 3
CUST8433,Customer 206,Contact 206,+1-555-026206,customer206@example.com,Address 206,Food,History 10
CUST3569,Customer 207,Contact 207,+1-555-027207,customer207@example.com,Address 207,Pharma,History 5
CUST8644,Customer 208,Contact 208,+1-555-028208,customer208@example.com,Address 208,Pharma,History 6
CUST2722,Customer 209,Contact 209,+1-555-029209,customer209@example.com,Address 209,Supplement,History 4
CUST9146,Customer 210,Contact 210,+1-555-020210,customer210@example.com,Address 210,Food,History 2
CUST2917,Customer 211,Contact 211,+1-555-021211,customer211@example.com,Address 211,Supplement,History 7
CUST7397,Customer 212,Contact 212,+1-555-022212,customer212@example.com,Address 212,Supplement,History 8
CUST9297,Customer 213,Contact 213,+1-555-023213,customer213@example.com,Address 213,Pharma,History 6
CUST8711,Customer 214,Contact 214,+1-555-024214,customer214@example.com,Address 214,Supplement,History 8
CUST3103,Customer 215,Contact 215,+1-555-025215,customer215@example.com,Address 215,Food,History 1
CUST1845,Customer 216,Contact 216,+1-555-026216,customer216@example.com,Address 216,Supplement,History 1
CUST9705,Customer 217,Contact 217,+1-555-027217,customer217@example.com,Address 217,Pharma,History 10
CUST8630,Customer 218,Contact 218,+1-555-028218,customer218@example.com,Address 218,Food,History 6
CUST7798,Customer 219,Contact 219,+1-555-029219,customer219@example.com,Address 219,Food,History 5
CUST5686,Customer 220,Contact 220,+1-555-020220,customer220@example.com,Address 220,Supplement,History 5
CUST5851,Customer 221,Contact 221,+1-555-021221,customer221@example.com,Address 221,Pharma,History 10
CUST4421,Customer 222,Contact 222,+1-555-022222,customer222@example.com,Address 222,Pharma,History 10
CUST4277,Customer 223,Contact 223,+1-555-023223,customer223@example.com,Address 223,Food,History 4
CUST9294,Customer 224,Contact 224,+1-555-024224,customer224@example.com,Address 224,Supplement,History 6
CUST7029,Customer 225,Contact 225,+1-555-025225,customer225@example.com,Address 225,Pharma,History 6
CUST8896,Customer 226,Contact 226,+1-555-026226,customer226@example.com,Address 226,Pharma,History 7
CUST6945,Customer 227,Contact 227,+1-555-027227,customer227@example.com,Address 227,Supplement,History 10
CUST9016,Customer 228,Contact 228,+1-555-028228,customer228@example.com,Address 228,Supplement,History 8
CUST5711,Customer 229,Contact 229,+1-555-029229,customer229@example.com,Address 229,Food,History 9
CUST4380,Customer 230,Contact 230,+1-555-020230,customer230@example.com,Address 230,Pharma,History 10
CUST7359,Customer 231,Contact 231,+1-555-021231,customer231@example.com,Address 231,Supplement,History 1
CUST2915,Customer 232,Contact 232,+1-555-022232,customer232@example.com,Address 232,Supplement,History 8
CUST8557,Customer 233,Contact 233,+1-555-023233,customer233@example.com,Address 233,Pharma,History 1
CUST9499,Customer 234,Contact 234,+1-555-024234,customer234@example.com,Address 234,Pharma,History 6
CUST5147,Customer 235,Contact 235,+1-555-025235,customer235@example.com,Address 235,Pharma,History 1
CUST8947,Customer 236,Contact 236,+1-555-026236,customer236@example.com,Address 236,Pharma,History 10
CUST8428,Customer 237,Contact 237,+1-555-027237,customer237@example.com,Address 237,Pharma,History 10
CUST3995,Customer 238,Contact 238,+1-555-028238,customer238@example.com,Address 238,Pharma,History 1
CUST2501,Customer 239,Contact 239,+1-555-029239,customer239@example.com,Address 239,Food,History 10
CUST7532,Customer 240,Contact 240,+1-555-020240,customer240@example.com,Address 240,Food,History 8
CUST8429,Customer 241,Contact 241,+1-555-021241,customer241@example.com,Address 241,Pharma,History 4
CUST9069,Customer 242,Contact 242,+1-555-022242,customer242@example.com,Address 242,Pharma,History 3
CUST6005,Customer 243,Contact 243,+1-555-023243,customer243@example.com,Address 243,Supplement,History 6
CUST4615,Customer 244,Contact 244,+1-555-024244,customer244@example.com,Address 244,Supplement,History 8
CUST6566,Customer 245,Contact 245,+1-555-025245,customer245@example.com,Address 245,Supplement,History 2
CUST2766,Customer 246,Contact 246,+1-555-026246,customer246@example.com,Address 246,Food,History 8
CUST9226,Customer 247,Contact 247,+1-555-027247,customer247@example.com,Address 247,Pharma,History 6
CUST9423,Customer 248,Contact 248,+1-555-028248,customer248@example.com,Address 248,Supplement,History 6
CUST3028,Customer 249,Contact 249,+1-555-029249,customer249@example.com,Address 249,Food,History 7
CUST4007,Customer 250,Contact 250,+1-555-020250,customer250@example.com,Address 250,Food,History 5
CUST6152,Customer 251,Contact 251,+1-555-021251,customer251@example.com,Address 251,Food,History 10
CUST1759,Customer 252,Contact 252,+1-555-022252,customer252@example.com,Address 252,Pharma,History 5
CUST9579,Customer 253,Contact 253,+1-555-023253,customer253@example.com,Address 253,Supplement,History 3
CUST4206,Customer 254,Contact 254,+1-555-024254,customer254@example.com,Address 254,Food,History 3
CUST5403,Customer 255,Contact 255,+1-555-025255,customer255@example.com,Address 255,Supplement,History 7
CUST1107,Customer 256,Contact 256,+1-555-026256,customer256@example.com,Address 256,Food,History 1
CUST4733,Customer 257,Contact 257,+1-555-027257,customer257@example.com,Address 257,Supplement,History 10
CUST6273,Customer 258,Contact 258,+1-555-028258,customer258@example.com,Address 258,Supplement,History 7
CUST6339,Customer 259,Contact 259,+1-555-029259,customer259@example.com,Address 259,Pharma,History 2
CUST6299,Customer 260,Contact 260,+1-555-020260,customer260@example.com,Address 260,Pharma,History 10
CUST3592,Customer 261,Contact 261,+1-555-021261,customer261@example.com,Address 261,Supplement,History 10
CUST3166,Customer 262,Contact 262,+1-555-022262,customer262@example.com,Address 262,Pharma,History 7
CUST5907,Customer 263,Contact 263,+1-555-023263,customer263@example.com,Address 263,Pharma,History 7
CUST6549,Customer 264,Contact 264,+1-555-024264,customer264@example.com,Address 264,Pharma,History 2
CUST3381,Customer 265,Contact 265,+1-555-025265,customer265@example.com,Address 265,Pharma,History 7
CUST4398,Customer 266,Contact 266,+1-555-026266,customer266@example.com,Address 266,Food,History 2
CUST3078,Customer 267,Contact 267,+1-555-027267,customer267@example.com,Address 267,Pharma,History 9
CUST9604,Customer 268,Contact 268,+1-555-028268,customer268@example.com,Address 268,Food,History 5
CUST3620,Customer 269,Contact 269,+1-555-029269,customer269@example.com,Address 269,Food,History 1
CUST6258,Customer 270,Contact 270,+1-555-020270,customer270@example.com,Address 270,Pharma,History 8
CUST4497,Customer 271,Contact 271,+1-555-021271,customer271@example.com,Address 271,Supplement,History 4
CUST9307,Customer 272,Contact 272,+1-555-022272,customer272@example.com,Address 272,Supplement,History 5
CUST7762,Customer 273,Contact 273,+1-555-023273,customer273@example.com,Address 273,Supplement,History 3
CUST7817,Customer 274,Contact 274,+1-555-024274,customer274@example.com,Address 274,Supplement,History 2
CUST8356,Customer 275,Contact 275,+1-555-025275,customer275@example.com,Address 275,Supplement,History 8
CUST4889,Customer 276,Contact 276,+1-555-026276,customer276@example.com,Address 276,Supplement,History 4
CUST4158,Customer 277,Contact 277,+1-555-027277,customer277@example.com,Address 277,Food,History 5
CUST6344,Customer 278,Contact 278,+1-555-028278,customer278@example.com,Address 278,Pharma,History 10
CUST3748,Customer 279,Contact 279,+1-555-029279,customer279@example.com,Address 279,Food,History 1
CUST7456,Customer 280,Contact 280,+1-555-020280,customer280@example.com,Address 280,Food,History 2
CUST7216,Customer 281,Contact 281,+1-555-021281,customer281@example.com,Address 281,Supplement,History 3
CUST4174,Customer 282,Contact 282,+1-555-022282,customer282@example.com,Address 282,Supplement,History 1
CUST8329,Customer 283,Contact 283,+1-555-023283,customer283@example.com,Address 283,Pharma,History 6
CUST9534,Customer 284,Contact 284,+1-555-024284,customer284@example.com,Address 284,Pharma,History 7
CUST9412,Customer 285,Contact 285,+1-555-025285,customer285@example.com,Address 285,Food,History 7
CUST4969,Customer 286,Contact 286,+1-555-026286,customer286@example.com,Address 286,Food,History 10
CUST4215,Customer 287,Contact 287,+1-555-027287,customer287@example.com,Address 287,Pharma,History 8
CUST9605,Customer 288,Contact 288,+1-555-028288,customer288@example.com,Address 288,Pharma,History 4
CUST9323,Customer 289,Contact 289,+1-555-029289,customer289@example.com,Address 289,Pharma,History 7
CUST1978,Customer 290,Contact 290,+1-555-020290,customer290@example.com,Address 290,Food,History 7
CUST7797,Customer 291,Contact 291,+1-555-021291,customer291@example.com,Address 291,Food,History 9
CUST3328,Customer 292,Contact 292,+1-555-022292,customer292@example.com,Address 292,Food,History 9
CUST7939,Customer 293,Contact 293,+1-555-023293,customer293@example.com,Address 293,Food,History 1
CUST6035,Customer 294,Contact 294,+1-555-024294,customer294@example.com,Address 294,Pharma,History 10
CUST7898,Customer 295,Contact 295,+1-555-025295,customer295@example.com,Address 295,Food,History 10
CUST2955,Customer 296,Contact 296,+1-555-026296,customer296@example.com,Address 296,Supplement,History 6
CUST2324,Customer 297,Contact 297,+1-555-027297,customer297@example.com,Address 297,Pharma,History 8
CUST2760,Customer 298,Contact 298,+1-555-028298,customer298@example.com,Address 298,Supplement,History 1
CUST6956,Customer 299,Contact 299,+1-555-029299,customer299@example.com,Address 299,Supplement,History 8
CUST3145,Customer 300,Contact 300,+1-555-020300,customer300@example.com,Address 300,Food,History 2
CUST4083,Customer 301,Contact 301,+1-555-021301,customer301@example.com,Address 301,Supplement,History 9
CUST2378,Customer 302,Contact 302,+1-555-022302,customer302@example.com,Address 302,Food,History 4
CUST6255,Customer 303,Contact 303,+1-555-023303,customer303@example.com,Address 303,Pharma,History 8
CUST5658,Customer 304,Contact 304,+1-555-024304,customer304@example.com,Address 304,Supplement,History 8
CUST6525,Customer 305,Contact 305,+1-555-025305,customer305@example.com,Address 305,Pharma,History 7
CUST3992,Customer 306,Contact 306,+1-555-026306,customer306@example.com,Address 306,Supplement,History 6
CUST3021,Customer 307,Contact 307,+1-555-027307,customer307@example.com,Address 307,Pharma,History 4
CUST4304,Customer 308,Contact 308,+1-555-028308,customer308@example.com,Address 308,Food,History 8
CUST8697,Customer 309,Contact 309,+1-555-029309,customer309@example.com,Address 309,Supplement,History 10
CUST6805,Customer 310,Contact 310,+1-555-020310,customer310@example.com,Address 310,Supplement,History 5
CUST3977,Customer 311,Contact 311,+1-555-021311,customer311@example.com,Address 311,Supplement,History 6
CUST5884,Customer 312,Contact 312,+1-555-022312,customer312@example.com,Address 312,Pharma,History 4
CUST5466,Customer 313,Contact 313,+1-555-023313,customer313@example.com,Address 313,Pharma,History 3
CUST5725,Customer 314,Contact 314,+1-555-024314,customer314@example.com,Address 314,Pharma,History 5
CUST5773,Customer 315,Contact 315,+1-555-025315,customer315@example.com,Address 315,Food,History 10
CUST4729,Customer 316,Contact 316,+1-555-026316,customer316@example.com,Address 316,Supplement,History 3
CUST4433,Customer 317,Contact 317,+1-555-027317,customer317@example.com,Address 317,Pharma,History 6
CUST5886,Customer 318,Contact 318,+1-555-028318,customer318@example.com,Address 318,Food,History 6
CUST4426,Customer 319,Contact 319,+1-555-029319,customer319@example.com,Address 319,Food,History 7
CUST2964,Customer 320,Contact 320,+1-555-020320,customer320@example.com,Address 320,Food,History 9
CUST8175,Customer 321,Contact 321,+1-555-021321,customer321@example.com,Address 321,Food,History 6
CUST8185,Customer 322,Contact 322,+1-555-022322,customer322@example.com,Address 322,Supplement,History 2
CUST1682,Customer 323,Contact 323,+1-555-023323,customer323@example.com,Address 323,Supplement,History 7
CUST4257,Customer 324,Contact 324,+1-555-024324,customer324@example.com,Address 324,Supplement,History 8
CUST2647,Customer 325,Contact 325,+1-555-025325,customer325@example.com,Address 325,Pharma,History 2
CUST1853,Customer 326,Contact 326,+1-555-026326,customer326@example.com,Address 326,Food,History 2
CUST3080,Customer 327,Contact 327,+1-555-027327,customer327@example.com,Address 327,Pharma,History 4
CUST4064,Customer 328,Contact 328,+1-555-028328,customer328@example.com,Address 328,Pharma,History 1
CUST2594,Customer 329,Contact 329,+1-555-029329,customer329@example.com,Address 329,Food,History 8
CUST7765,Customer 330,Contact 330,+1-555-020330,customer330@example.com,Address 330,Food,History 6
CUST6266,Customer 331,Contact 331,+1-555-021331,customer331@example.com,Address 331,Pharma,History 6
CUST2768,Customer 332,Contact 332,+1-555-022332,customer332@example.com,Address 332,Supplement,History 7
CUST6601,Customer 333,Contact 333,+1-555-023333,customer333@example.com,Address 333,Pharma,History 1
CUST2972,Customer 334,Contact 334,+1-555-024334,customer334@example.com,Address 334,Food,History 10
CUST2686,Customer 335,Contact 335,+1-555-025335,customer335@example.com,Address 335,Supplement,History 3
CUST8292,Customer 336,Contact 336,+1-555-026336,customer336@example.com,Address 336,Pharma,History 9
CUST8220,Customer 337,Contact 337,+1-555-027337,customer337@example.com,Address 337,Food,History 2
CUST2760,Customer 338,Contact 338,+1-555-028338,customer338@example.com,Address 338,Supplement,History 3
CUST6241,Customer 339,Contact 339,+1-555-029339,customer339@example.com,Address 339,Supplement,History 1
CUST2810,Customer 340,Contact 340,+1-555-020340,customer340@example.com,Address 340,Pharma,History 2
CUST3016,Customer 341,Contact 341,+1-555-021341,customer341@example.com,Address 341,Supplement,History 4
CUST3258,Customer 342,Contact 342,+1-555-022342,customer342@example.com,Address 342,Pharma,History 6
CUST4910,Customer 343,Contact 343,+1-555-023343,customer343@example.com,Address 343,Food,History 4
CUST5909,Customer 344,Contact 344,+1-555-024344,customer344@example.com,Address 344,Food,History 7
CUST1581,Customer 345,Contact 345,+1-555-025345,customer345@example.com,Address 345,Pharma,History 9
CUST2985,Customer 346,Contact 346,+1-555-026346,customer346@example.com,Address 346,Food,History 9
CUST2738,Customer 347,Contact 347,+1-555-027347,customer347@example.com,Address 347,Food,History 10
CUST3724,Customer 348,Contact 348,+1-555-028348,customer348@example.com,Address 348,Supplement,History 7
CUST1153,Customer 349,Contact 349,+1-555-029349,customer349@example.com,Address 349,Pharma,History 8
CUST9652,Customer 350,Contact 350,+1-555-020350,customer350@example.com,Address 350,Food,History 9
CUST7218,Customer 351,Contact 351,+1-555-021351,customer351@example.com,Address 351,Supplement,History 9
CUST3623,Customer 352,Contact 352,+1-555-022352,customer352@example.com,Address 352,Food,History 1
CUST9618,Customer 353,Contact 353,+1-555-023353,customer353@example.com,Address 353,Food,History 4
CUST6045,Customer 354,Contact 354,+1-555-024354,customer354@example.com,Address 354,Supplement,History 2
CUST7829,Customer 355,Contact 355,+1-555-025355,customer355@example.com,Address 355,Pharma,History 3
CUST2678,Customer 356,Contact 356,+1-555-026356,customer356@example.com,Address 356,Supplement,History 6
CUST6969,Customer 357,Contact 357,+1-555-027357,customer357@example.com,Address 357,Food,History 5
CUST8641,Customer 358,Contact 358,+1-555-028358,customer358@example.com,Address 358,Food,History 8
CUST4815,Customer 359,Contact 359,+1-555-029359,customer359@example.com,Address 359,Pharma,History 8
CUST3564,Customer 360,Contact 360,+1-555-020360,customer360@example.com,Address 360,Supplement,History 1
CUST3881,Customer 361,Contact 361,+1-555-021361,customer361@example.com,Address 361,Pharma,History 4
CUST4560,Customer 362,Contact 362,+1-555-022362,customer362@example.com,Address 362,Pharma,History 5
CUST2083,Customer 363,Contact 363,+1-555-023363,customer363@example.com,Address 363,Food,History 2
CUST8135,Customer 364,Contact 364,+1-555-024364,customer364@example.com,Address 364,Food,History 2
CUST5525,Customer 365,Contact 365,+1-555-025365,customer365@example.com,Address 365,Food,History 5
CUST5041,Customer 366,Contact 366,+1-555-026366,customer366@example.com,Address 366,Pharma,History 8
CUST8165,Customer 367,Contact 367,+1-555-027367,customer367@example.com,Address 367,Food,History 7
CUST5920,Customer 368,Contact 368,+1-555-028368,customer368@example.com,Address 368,Food,History 5
CUST9244,Customer 369,Contact 369,+1-555-029369,customer369@example.com,Address 369,Pharma,History 6
CUST4137,Customer 370,Contact 370,+1-555-020370,customer370@example.com,Address 370,Pharma,History 5
CUST8111,Customer 371,Contact 371,+1-555-021371,customer371@example.com,Address 371,Food,History 1
CUST6698,Customer 372,Contact 372,+1-555-022372,customer372@example.com,Address 372,Food,History 10
CUST8426,Customer 373,Contact 373,+1-555-023373,customer373@example.com,Address 373,Supplement,History 8
CUST4352,Customer 374,Contact 374,+1-555-024374,customer374@example.com,Address 374,Food,History 7
CUST4731,Customer 375,Contact 375,+1-555-025375,customer375@example.com,Address 375,Pharma,History 4
CUST6936,Customer 376,Contact 376,+1-555-026376,customer376@example.com,Address 376,Supplement,History 6
CUST9443,Customer 377,Contact 377,+1-555-027377,customer377@example.com,Address 377,Pharma,History 10
CUST9063,Customer 378,Contact 378,+1-555-028378,customer378@example.com,Address 378,Supplement,History 5
CUST3209,Customer 379,Contact 379,+1-555-029379,customer379@example.com,Address 379,Pharma,History 5
CUST9170,Customer 380,Contact 380,+1-555-020380,customer380@example.com,Address 380,Pharma,History 4
CUST5447,Customer 381,Contact 381,+1-555-021381,customer381@example.com,Address 381,Food,History 4
CUST3074,Customer 382,Contact 382,+1-555-022382,customer382@example.com,Address 382,Supplement,History 9
CUST1823,Customer 383,Contact 383,+1-555-023383,customer383@example.com,Address 383,Supplement,History 3
CUST9157,Customer 384,Contact 384,+1-555-024384,customer384@example.com,Address 384,Pharma,History 4
CUST7196,Customer 385,Contact 385,+1-555-025385,customer385@example.com,Address 385,Food,History 9
CUST3577,Customer 386,Contact 386,+1-555-026386,customer386@example.com,Address 386,Pharma,History 2
CUST8827,Customer 387,Contact 387,+1-555-027387,customer387@example.com,Address 387,Pharma,History 5
CUST3058,Customer 388,Contact 388,+1-555-028388,customer388@example.com,Address 388,Food,History 2
CUST3064,Customer 389,Contact 389,+1-555-029389,customer389@example.com,Address 389,Supplement,History 8
CUST5708,Customer 390,Contact 390,+1-555-020390,customer390@example.com,Address 390,Supplement,History 8
CUST5142,Customer 391,Contact 391,+1-555-021391,customer391@example.com,Address 391,Pharma,History 8
CUST1399,Customer 392,Contact 392,+1-555-022392,customer392@example.com,Address 392,Pharma,History 7
CUST8560,Customer 393,Contact 393,+1-555-023393,customer393@example.com,Address 393,Supplement,History 4
CUST5412,Customer 394,Contact 394,+1-555-024394,customer394@example.com,Address 394,Supplement,History 7
CUST9198,Customer 395,Contact 395,+1-555-025395,customer395@example.com,Address 395,Food,History 7
CUST8744,Customer 396,Contact 396,+1-555-026396,customer396@example.com,Address 396,Food,History 10
CUST9551,Customer 397,Contact 397,+1-555-027397,customer397@example.com,Address 397,Pharma,History 9
CUST8076,Customer 398,Contact 398,+1-555-028398,customer398@example.com,Address 398,Food,History 10
CUST6878,Customer 399,Contact 399,+1-555-029399,customer399@example.com,Address 399,Pharma,History 1
CUST3955,Customer 400,Contact 400,+1-555-020400,customer400@example.com,Address 400,Food,History 9
CUST9433,Customer 401,Contact 401,+1-555-021401,customer401@example.com,Address 401,Pharma,History 6
CUST9438,Customer 402,Contact 402,+1-555-022402,customer402@example.com,Address 402,Food,History 3
CUST7276,Customer 403,Contact 403,+1-555-023403,customer403@example.com,Address 403,Supplement,History 9
CUST5595,Customer 404,Contact 404,+1-555-024404,customer404@example.com,Address 404,Supplement,History 6
CUST7903,Customer 405,Contact 405,+1-555-025405,customer405@example.com,Address 405,Food,History 9
CUST4800,Customer 406,Contact 406,+1-555-026406,customer406@example.com,Address 406,Food,History 3
CUST4649,Customer 407,Contact 407,+1-555-027407,customer407@example.com,Address 407,Supplement,History 2
CUST7745,Customer 408,Contact 408,+1-555-028408,customer408@example.com,Address 408,Food,History 5
CUST3780,Customer 409,Contact 409,+1-555-029409,customer409@example.com,Address 409,Pharma,History 4
CUST9823,Customer 410,Contact 410,+1-555-020410,customer410@example.com,Address 410,Food,History 8
CUST5095,Customer 411,Contact 411,+1-555-021411,customer411@example.com,Address 411,Pharma,History 3
CUST8692,Customer 412,Contact 412,+1-555-022412,customer412@example.com,Address 412,Supplement,History 8
CUST8117,Customer 413,Contact 413,+1-555-023413,customer413@example.com,Address 413,Food,History 1
CUST3952,Customer 414,Contact 414,+1-555-024414,customer414@example.com,Address 414,Pharma,History 9
CUST2861,Customer 415,Contact 415,+1-555-025415,customer415@example.com,Address 415,Food,History 9
CUST6989,Customer 416,Contact 416,+1-555-026416,customer416@example.com,Address 416,Pharma,History 7
CUST5613,Customer 417,Contact 417,+1-555-027417,customer417@example.com,Address 417,Pharma,History 1
CUST1973,Customer 418,Contact 418,+1-555-028418,customer418@example.com,Address 418,Food,History 8
CUST1863,Customer 419,Contact 419,+1-555-029419,customer419@example.com,Address 419,Supplement,History 9
CUST9976,Customer 420,Contact 420,+1-555-020420,customer420@example.com,Address 420,Supplement,History 2
CUST4134,Customer 421,Contact 421,+1-555-021421,customer421@example.com,Address 421,Pharma,History 1
CUST1008,Customer 422,Contact 422,+1-555-022422,customer422@example.com,Address 422,Pharma,History 9
CUST6474,Customer 423,Contact 423,+1-555-023423,customer423@example.com,Address 423,Supplement,History 9
CUST3418,Customer 424,Contact 424,+1-555-024424,customer424@example.com,Address 424,Supplement,History 7
CUST9500,Customer 425,Contact 425,+1-555-025425,customer425@example.com,Address 425,Supplement,History 4
CUST1873,Customer 426,Contact 426,+1-555-026426,customer426@example.com,Address 426,Food,History 7
CUST6533,Customer 427,Contact 427,+1-555-027427,customer427@example.com,Address 427,Pharma,History 1
CUST6007,Customer 428,Contact 428,+1-555-028428,customer428@example.com,Address 428,Supplement,History 10
CUST6329,Customer 429,Contact 429,+1-555-029429,customer429@example.com,Address 429,Pharma,History 7
CUST3101,Customer 430,Contact 430,+1-555-020430,customer430@example.com,Address 430,Supplement,History 9
CUST1599,Customer 431,Contact 431,+1-555-021431,customer431@example.com,Address 431,Pharma,History 3
CUST1010,Customer 432,Contact 432,+1-555-022432,customer432@example.com,Address 432,Food,History 5
CUST4581,Customer 433,Contact 433,+1-555-023433,customer433@example.com,Address 433,Food,History 2
CUST7723,Customer 434,Contact 434,+1-555-024434,customer434@example.com,Address 434,Pharma,History 9
CUST3186,Customer 435,Contact 435,+1-555-025435,customer435@example.com,Address 435,Pharma,History 2
CUST2069,Customer 436,Contact 436,+1-555-026436,customer436@example.com,Address 436,Food,History 8
CUST3992,Customer 437,Contact 437,+1-555-027437,customer437@example.com,Address 437,Food,History 9
CUST6003,Customer 438,Contact 438,+1-555-028438,customer438@example.com,Address 438,Food,History 6
CUST8534,Customer 439,Contact 439,+1-555-029439,customer439@example.com,Address 439,Pharma,History 1
CUST3112,Customer 440,Contact 440,+1-555-020440,customer440@example.com,Address 440,Food,History 5
CUST8703,Customer 441,Contact 441,+1-555-021441,customer441@example.com,Address 441,Supplement,History 9
CUST5935,Customer 442,Contact 442,+1-555-022442,customer442@example.com,Address 442,Pharma,History 10
CUST8680,Customer 443,Contact 443,+1-555-023443,customer443@example.com,Address 443,Pharma,History 4
CUST5781,Customer 444,Contact 444,+1-555-024444,customer444@example.com,Address 444,Pharma,History 10
CUST7593,Customer 445,Contact 445,+1-555-025445,customer445@example.com,Address 445,Supplement,History 6
CUST4521,Customer 446,Contact 446,+1-555-026446,customer446@example.com,Address 446,Supplement,History 6
CUST1334,Customer 447,Contact 447,+1-555-027447,customer447@example.com,Address 447,Food,History 4
CUST3632,Customer 448,Contact 448,+1-555-028448,customer448@example.com,Address 448,Supplement,History 10
CUST2305,Customer 449,Contact 449,+1-555-029449,customer449@example.com,Address 449,Food,History 7
CUST6398,Customer 450,Contact 450,+1-555-020450,customer450@example.com,Address 450,Food,History 8
CUST6373,Customer 451,Contact 451,+1-555-021451,customer451@example.com,Address 451,Supplement,History 2
CUST3849,Customer 452,Contact 452,+1-555-022452,customer452@example.com,Address 452,Supplement,History 6
CUST9243,Customer 453,Contact 453,+1-555-023453,customer453@example.com,Address 453,Food,History 6
CUST8076,Customer 454,Contact 454,+1-555-024454,customer454@example.com,Address 454,Supplement,History 9
CUST9847,Customer 455,Contact 455,+1-555-025455,customer455@example.com,Address 455,Food,History 9
CUST1823,Customer 456,Contact 456,+1-555-026456,customer456@example.com,Address 456,Pharma,History 4
CUST8214,Customer 457,Contact 457,+1-555-027457,customer457@example.com,Address 457,Food,History 3
CUST9951,Customer 458,Contact 458,+1-555-028458,customer458@example.com,Address 458,Pharma,History 1
CUST9473,Customer 459,Contact 459,+1-555-029459,customer459@example.com,Address 459,Supplement,History 7
CUST5308,Customer 460,Contact 460,+1-555-020460,customer460@example.com,Address 460,Food,History 8
CUST4712,Customer 461,Contact 461,+1-555-021461,customer461@example.com,Address 461,Pharma,History 7
CUST8769,Customer 462,Contact 462,+1-555-022462,customer462@example.com,Address 462,Supplement,History 2
CUST4137,Customer 463,Contact 463,+1-555-023463,customer463@example.com,Address 463,Pharma,History 8
CUST5516,Customer 464,Contact 464,+1-555-024464,customer464@example.com,Address 464,Supplement,History 6
CUST5153,Customer 465,Contact 465,+1-555-025465,customer465@example.com,Address 465,Food,History 3
CUST5588,Customer 466,Contact 466,+1-555-026466,customer466@example.com,Address 466,Food,History 9
CUST1732,Customer 467,Contact 467,+1-555-027467,customer467@example.com,Address 467,Supplement,History 9
CUST3545,Customer 468,Contact 468,+1-555-028468,customer468@example.com,Address 468,Pharma,History 9
CUST9575,Customer 469,Contact 469,+1-555-029469,customer469@example.com,Address 469,Pharma,History 8
CUST9541,Customer 470,Contact 470,+1-555-020470,customer470@example.com,Address 470,Food,History 2
CUST7918,Customer 471,Contact 471,+1-555-021471,customer471@example.com,Address 471,Food,History 7
CUST7756,Customer 472,Contact 472,+1-555-022472,customer472@example.com,Address 472,Food,History 9
CUST2784,Customer 473,Contact 473,+1-555-023473,customer473@example.com,Address 473,Pharma,History 10
CUST1384,Customer 474,Contact 474,+1-555-024474,customer474@example.com,Address 474,Supplement,History 9
CUST6428,Customer 475,Contact 475,+1-555-025475,customer475@example.com,Address 475,Food,History 7
CUST7213,Customer 476,Contact 476,+1-555-026476,customer476@example.com,Address 476,Food,History 5
CUST9066,Customer 477,Contact 477,+1-555-027477,customer477@example.com,Address 477,Supplement,History 6
CUST8933,Customer 478,Contact 478,+1-555-028478,customer478@example.com,Address 478,Supplement,History 1
CUST8133,Customer 479,Contact 479,+1-555-029479,customer479@example.com,Address 479,Food,History 9
CUST1580,Customer 480,Contact 480,+1-555-020480,customer480@example.com,Address 480,Supplement,History 4
CUST9729,Customer 481,Contact 481,+1-555-021481,customer481@example.com,Address 481,Food,History 4
CUST9420,Customer 482,Contact 482,+1-555-022482,customer482@example.com,Address 482,Food,History 7
CUST3156,Customer 483,Contact 483,+1-555-023483,customer483@example.com,Address 483,Pharma,History 4
CUST8641,Customer 484,Contact 484,+1-555-024484,customer484@example.com,Address 484,Supplement,History 8
CUST9817,Customer 485,Contact 485,+1-555-025485,customer485@example.com,Address 485,Pharma,History 8
CUST5110,Customer 486,Contact 486,+1-555-026486,customer486@example.com,Address 486,Supplement,History 4
CUST5452,Customer 487,Contact 487,+1-555-027487,customer487@example.com,Address 487,Food,History 1
CUST5210,Customer 488,Contact 488,+1-555-028488,customer488@example.com,Address 488,Food,History 4
CUST1217,Customer 489,Contact 489,+1-555-029489,customer489@example.com,Address 489,Pharma,History 3
CUST6401,Customer 490,Contact 490,+1-555-020490,customer490@example.com,Address 490,Pharma,History 8
CUST3344,Customer 491,Contact 491,+1-555-021491,customer491@example.com,Address 491,Food,History 10
CUST4544,Customer 492,Contact 492,+1-555-022492,customer492@example.com,Address 492,Supplement,History 10
CUST7736,Customer 493,Contact 493,+1-555-023493,customer493@example.com,Address 493,Supplement,History 2
CUST9165,Customer 494,Contact 494,+1-555-024494,customer494@example.com,Address 494,Supplement,History 7
CUST3897,Customer 495,Contact 495,+1-555-025495,customer495@example.com,Address 495,Food,History 2
CUST8966,Customer 496,Contact 496,+1-555-026496,customer496@example.com,Address 496,Supplement,History 1
CUST7475,Customer 497,Contact 497,+1-555-027497,customer497@example.com,Address 497,Supplement,History 7
CUST8228,Customer 498,Contact 498,+1-555-028498,customer498@example.com,Address 498,Pharma,History 8
CUST1656,Customer 499,Contact 499,+1-555-029499,customer499@example.com,Address 499,Supplement,History 1
CUST3334,Customer 500,Contact 500,+1-555-020500,customer500@example.com,Address 500,Food,History 10
